"Year","Month","Payment","Principal","Interest","Balance","Total Interest","Total Principal"
"2024","February","$536.82","$120.15","$416.67","$99,879.85","$416.67","$120.15"
"2024","March","$536.83","$120.66","$416.17","$99,759.19","$832.83","$240.81"
"2024","April","$536.82","$121.16","$415.66","$99,638.03","$1,248.50","$361.97"
"2024","May","$536.82","$121.66","$415.16","$99,516.37","$1,663.65","$483.63"
"2024","June","$536.82","$122.17","$414.65","$99,394.20","$2,078.31","$605.80"
"2024","July","$536.82","$122.68","$414.14","$99,271.52","$2,492.45","$728.48"
"2024","August","$536.82","$123.19","$413.63","$99,148.33","$2,906.08","$851.67"
"2024","September","$536.82","$123.70","$413.12","$99,024.62","$3,319.20","$975.38"
"2024","October","$536.82","$124.22","$412.60","$98,900.41","$3,731.80","$1,099.59"
"2024","November","$536.83","$124.74","$412.09","$98,775.67","$4,143.89","$1,224.33"
"2024","December","$536.83","$125.26","$411.57","$98,650.41","$4,555.45","$1,349.59"
"2025","January","$536.82","$125.78","$411.04","$98,524.63","$4,966.49","$1,475.37"
"2025","February","$536.82","$126.30","$410.52","$98,398.33","$5,377.01","$1,601.67"
"2025","March","$536.82","$126.83","$409.99","$98,271.50","$5,787.01","$1,728.50"
"2025","April","$536.82","$127.36","$409.46","$98,144.15","$6,196.47","$1,855.85"
"2025","May","$536.82","$127.89","$408.93","$98,016.26","$6,605.41","$1,983.74"
"2025","June","$536.82","$128.42","$408.40","$97,887.84","$7,013.81","$2,112.16"
"2025","July","$536.83","$128.96","$407.87","$97,758.88","$7,421.67","$2,241.12"
"2025","August","$536.82","$129.49","$407.33","$97,629.39","$7,829.00","$2,370.61"
"2025","September","$536.82","$130.03","$406.79","$97,499.36","$8,235.79","$2,500.64"
"2025","October","$536.82","$130.57","$406.25","$97,368.78","$8,642.04","$2,631.22"
"2025","November","$536.82","$131.12","$405.70","$97,237.66","$9,047.74","$2,762.34"
"2025","December","$536.82","$131.66","$405.16","$97,106.00","$9,452.90","$2,894.00"
"2026","January","$536.82","$132.21","$404.61","$96,973.79","$9,857.51","$3,026.21"
"2026","February","$536.82","$132.76","$404.06","$96,841.02","$10,261.56","$3,158.98"
"2026","March","$536.82","$133.32","$403.50","$96,707.71","$10,665.07","$3,292.29"
"2026","April","$536.82","$133.87","$402.95","$96,573.83","$11,068.02","$3,426.17"
"2026","May","$536.82","$134.43","$402.39","$96,439.40","$11,470.41","$3,560.60"
"2026","June","$536.82","$134.99","$401.83","$96,304.41","$11,872.24","$3,695.59"
"2026","July","$536.82","$135.55","$401.27","$96,168.86","$12,273.51","$3,831.14"
"2026","August","$536.82","$136.12","$400.70","$96,032.74","$12,674.21","$3,967.26"
"2026","September","$536.83","$136.69","$400.14","$95,896.05","$13,074.35","$4,103.95"
"2026","October","$536.82","$137.25","$399.57","$95,758.80","$13,473.91","$4,241.20"
"2026","November","$536.82","$137.83","$398.99","$95,620.97","$13,872.91","$4,379.03"
"2026","December","$536.82","$138.40","$398.42","$95,482.57","$14,271.33","$4,517.43"
"2027","January","$536.82","$138.98","$397.84","$95,343.59","$14,669.17","$4,656.41"
"2027","February","$536.82","$139.56","$397.26","$95,204.04","$15,066.44","$4,795.96"
"2027","March","$536.82","$140.14","$396.68","$95,063.90","$15,463.12","$4,936.10"
"2027","April","$536.82","$140.72","$396.10","$94,923.18","$15,859.22","$5,076.82"
"2027","May","$536.82","$141.31","$395.51","$94,781.87","$16,254.73","$5,218.13"
"2027","June","$536.82","$141.90","$394.92","$94,639.97","$16,649.66","$5,360.03"
"2027","July","$536.82","$142.49","$394.33","$94,497.48","$17,043.99","$5,502.52"
"2027","August","$536.82","$143.08","$393.74","$94,354.40","$17,437.73","$5,645.60"
"2027","September","$536.82","$143.68","$393.14","$94,210.72","$17,830.87","$5,789.28"
"2027","October","$536.82","$144.28","$392.54","$94,066.45","$18,223.42","$5,933.55"
"2027","November","$536.82","$144.88","$391.94","$93,921.57","$18,615.36","$6,078.43"
"2027","December","$536.82","$145.48","$391.34","$93,776.09","$19,006.70","$6,223.91"
"2028","January","$536.82","$146.09","$390.73","$93,630.00","$19,397.44","$6,370.00"
"2028","February","$536.82","$146.70","$390.12","$93,483.30","$19,787.56","$6,516.70"
"2028","March","$536.82","$147.31","$389.51","$93,335.99","$20,177.08","$6,664.01"
"2028","April","$536.82","$147.92","$388.90","$93,188.07","$20,565.98","$6,811.93"
"2028","May","$536.82","$148.54","$388.28","$93,039.53","$20,954.26","$6,960.47"
"2028","June","$536.82","$149.16","$387.66","$92,890.38","$21,341.92","$7,109.62"
"2028","July","$536.82","$149.78","$387.04","$92,740.60","$21,728.97","$7,259.40"
"2028","August","$536.82","$150.40","$386.42","$92,590.20","$22,115.39","$7,409.80"
"2028","September","$536.82","$151.03","$385.79","$92,439.17","$22,501.18","$7,560.83"
"2028","October","$536.82","$151.66","$385.16","$92,287.51","$22,886.34","$7,712.49"
"2028","November","$536.82","$152.29","$384.53","$92,135.22","$23,270.87","$7,864.78"
"2028","December","$536.82","$152.92","$383.90","$91,982.29","$23,654.77","$8,017.71"
"2029","January","$536.82","$153.56","$383.26","$91,828.73","$24,038.03","$8,171.27"
"2029","February","$536.82","$154.20","$382.62","$91,674.53","$24,420.65","$8,325.47"
"2029","March","$536.82","$154.84","$381.98","$91,519.69","$24,802.63","$8,480.31"
"2029","April","$536.82","$155.49","$381.33","$91,364.20","$25,183.96","$8,635.80"
"2029","May","$536.82","$156.14","$380.68","$91,208.06","$25,564.64","$8,791.94"
"2029","June","$536.82","$156.79","$380.03","$91,051.27","$25,944.68","$8,948.73"
"2029","July","$536.82","$157.44","$379.38","$90,893.83","$26,324.06","$9,106.17"
"2029","August","$536.82","$158.10","$378.72","$90,735.73","$26,702.78","$9,264.27"
"2029","September","$536.83","$158.76","$378.07","$90,576.98","$27,080.85","$9,423.02"
"2029","October","$536.82","$159.42","$377.40","$90,417.56","$27,458.25","$9,582.44"
"2029","November","$536.82","$160.08","$376.74","$90,257.48","$27,834.99","$9,742.52"
"2029","December","$536.82","$160.75","$376.07","$90,096.73","$28,211.06","$9,903.27"
"2030","January","$536.82","$161.42","$375.40","$89,935.31","$28,586.47","$10,064.69"
"2030","February","$536.82","$162.09","$374.73","$89,773.22","$28,961.20","$10,226.78"
"2030","March","$536.83","$162.77","$374.06","$89,610.45","$29,335.25","$10,389.55"
"2030","April","$536.82","$163.44","$373.38","$89,447.01","$29,708.63","$10,552.99"
"2030","May","$536.83","$164.13","$372.70","$89,282.88","$30,081.32","$10,717.12"
"2030","June","$536.82","$164.81","$372.01","$89,118.07","$30,453.34","$10,881.93"
"2030","July","$536.83","$165.50","$371.33","$88,952.58","$30,824.66","$11,047.42"
"2030","August","$536.83","$166.19","$370.64","$88,786.39","$31,195.30","$11,213.61"
"2030","September","$536.82","$166.88","$369.94","$88,619.51","$31,565.24","$11,380.49"
"2030","October","$536.82","$167.57","$369.25","$88,451.94","$31,934.49","$11,548.06"
"2030","November","$536.82","$168.27","$368.55","$88,283.67","$32,303.04","$11,716.33"
"2030","December","$536.82","$168.97","$367.85","$88,114.69","$32,670.89","$11,885.31"
"2031","January","$536.82","$169.68","$367.14","$87,945.02","$33,038.03","$12,054.98"
"2031","February","$536.82","$170.38","$366.44","$87,774.63","$33,404.47","$12,225.37"
"2031","March","$536.82","$171.09","$365.73","$87,603.54","$33,770.20","$12,396.46"
"2031","April","$536.82","$171.81","$365.01","$87,431.73","$34,135.21","$12,568.27"
"2031","May","$536.82","$172.52","$364.30","$87,259.21","$34,499.51","$12,740.79"
"2031","June","$536.82","$173.24","$363.58","$87,085.97","$34,863.09","$12,914.03"
"2031","July","$536.82","$173.96","$362.86","$86,912.00","$35,225.95","$13,088.00"
"2031","August","$536.82","$174.69","$362.13","$86,737.31","$35,588.08","$13,262.69"
"2031","September","$536.83","$175.42","$361.41","$86,561.90","$35,949.49","$13,438.10"
"2031","October","$536.82","$176.15","$360.67","$86,385.75","$36,310.16","$13,614.25"
"2031","November","$536.82","$176.88","$359.94","$86,208.87","$36,670.10","$13,791.13"
"2031","December","$536.82","$177.62","$359.20","$86,031.25","$37,029.31","$13,968.75"
"2032","January","$536.82","$178.36","$358.46","$85,852.89","$37,387.77","$14,147.11"
"2032","February","$536.82","$179.10","$357.72","$85,673.79","$37,745.49","$14,326.21"
"2032","March","$536.82","$179.85","$356.97","$85,493.95","$38,102.46","$14,506.05"
"2032","April","$536.82","$180.60","$356.22","$85,313.35","$38,458.69","$14,686.65"
"2032","May","$536.82","$181.35","$355.47","$85,132.00","$38,814.16","$14,868.00"
"2032","June","$536.82","$182.10","$354.72","$84,949.89","$39,168.88","$15,050.11"
"2032","July","$536.82","$182.86","$353.96","$84,767.03","$39,522.84","$15,232.97"
"2032","August","$536.83","$183.63","$353.20","$84,583.40","$39,876.03","$15,416.60"
"2032","September","$536.82","$184.39","$352.43","$84,399.01","$40,228.46","$15,600.99"
"2032","October","$536.82","$185.16","$351.66","$84,213.85","$40,580.13","$15,786.15"
"2032","November","$536.82","$185.93","$350.89","$84,027.92","$40,931.02","$15,972.08"
"2032","December","$536.83","$186.71","$350.12","$83,841.22","$41,281.13","$16,158.78"
"2033","January","$536.82","$187.48","$349.34","$83,653.74","$41,630.47","$16,346.26"
"2033","February","$536.82","$188.26","$348.56","$83,465.47","$41,979.03","$16,534.53"
"2033","March","$536.82","$189.05","$347.77","$83,276.42","$42,326.80","$16,723.58"
"2033","April","$536.83","$189.84","$346.99","$83,086.59","$42,673.79","$16,913.41"
"2033","May","$536.82","$190.63","$346.19","$82,895.96","$43,019.98","$17,104.04"
"2033","June","$536.82","$191.42","$345.40","$82,704.54","$43,365.38","$17,295.46"
"2033","July","$536.82","$192.22","$344.60","$82,512.32","$43,709.98","$17,487.68"
"2033","August","$536.82","$193.02","$343.80","$82,319.30","$44,053.78","$17,680.70"
"2033","September","$536.82","$193.82","$343.00","$82,125.47","$44,396.78","$17,874.53"
"2033","October","$536.82","$194.63","$342.19","$81,930.84","$44,738.97","$18,069.16"
"2033","November","$536.82","$195.44","$341.38","$81,735.40","$45,080.35","$18,264.60"
"2033","December","$536.82","$196.26","$340.56","$81,539.14","$45,420.91","$18,460.86"
"2034","January","$536.83","$197.08","$339.75","$81,342.06","$45,760.66","$18,657.94"
"2034","February","$536.83","$197.90","$338.93","$81,144.17","$46,099.58","$18,855.83"
"2034","March","$536.82","$198.72","$338.10","$80,945.45","$46,437.69","$19,054.55"
"2034","April","$536.82","$199.55","$337.27","$80,745.90","$46,774.96","$19,254.10"
"2034","May","$536.82","$200.38","$336.44","$80,545.52","$47,111.40","$19,454.48"
"2034","June","$536.83","$201.22","$335.61","$80,344.30","$47,447.01","$19,655.70"
"2034","July","$536.82","$202.05","$334.77","$80,142.25","$47,781.77","$19,857.75"
"2034","August","$536.83","$202.90","$333.93","$79,939.35","$48,115.70","$20,060.65"
"2034","September","$536.82","$203.74","$333.08","$79,735.61","$48,448.78","$20,264.39"
"2034","October","$536.82","$204.59","$332.23","$79,531.02","$48,781.01","$20,468.98"
"2034","November","$536.82","$205.44","$331.38","$79,325.58","$49,112.39","$20,674.42"
"2034","December","$536.82","$206.30","$330.52","$79,119.28","$49,442.91","$20,880.72"
"2035","January","$536.82","$207.16","$329.66","$78,912.12","$49,772.58","$21,087.88"
"2035","February","$536.82","$208.02","$328.80","$78,704.10","$50,101.38","$21,295.90"
"2035","March","$536.82","$208.89","$327.93","$78,495.21","$50,429.31","$21,504.79"
"2035","April","$536.82","$209.76","$327.06","$78,285.46","$50,756.38","$21,714.54"
"2035","May","$536.82","$210.63","$326.19","$78,074.82","$51,082.57","$21,925.18"
"2035","June","$536.82","$211.51","$325.31","$77,863.31","$51,407.88","$22,136.69"
"2035","July","$536.82","$212.39","$324.43","$77,650.92","$51,732.31","$22,349.08"
"2035","August","$536.83","$213.28","$323.55","$77,437.65","$52,055.85","$22,562.35"
"2035","September","$536.82","$214.16","$322.66","$77,223.48","$52,378.51","$22,776.52"
"2035","October","$536.82","$215.06","$321.76","$77,008.43","$52,700.27","$22,991.57"
"2035","November","$536.82","$215.95","$320.87","$76,792.47","$53,021.14","$23,207.53"
"2035","December","$536.82","$216.85","$319.97","$76,575.62","$53,341.11","$23,424.38"
"2036","January","$536.83","$217.76","$319.07","$76,357.86","$53,660.18","$23,642.14"
"2036","February","$536.82","$218.66","$318.16","$76,139.20","$53,978.33","$23,860.80"
"2036","March","$536.82","$219.57","$317.25","$75,919.62","$54,295.58","$24,080.38"
"2036","April","$536.82","$220.49","$316.33","$75,699.13","$54,611.91","$24,300.87"
"2036","May","$536.82","$221.41","$315.41","$75,477.73","$54,927.33","$24,522.27"
"2036","June","$536.82","$222.33","$314.49","$75,255.39","$55,241.82","$24,744.61"
"2036","July","$536.82","$223.26","$313.56","$75,032.14","$55,555.38","$24,967.86"
"2036","August","$536.82","$224.19","$312.63","$74,807.95","$55,868.01","$25,192.05"
"2036","September","$536.82","$225.12","$311.70","$74,582.83","$56,179.71","$25,417.17"
"2036","October","$536.82","$226.06","$310.76","$74,356.77","$56,490.48","$25,643.23"
"2036","November","$536.82","$227.00","$309.82","$74,129.77","$56,800.30","$25,870.23"
"2036","December","$536.82","$227.95","$308.87","$73,901.82","$57,109.17","$26,098.18"
"2037","January","$536.82","$228.90","$307.92","$73,672.92","$57,417.09","$26,327.08"
"2037","February","$536.82","$229.85","$306.97","$73,443.07","$57,724.06","$26,556.93"
"2037","March","$536.82","$230.81","$306.01","$73,212.26","$58,030.08","$26,787.74"
"2037","April","$536.82","$231.77","$305.05","$72,980.49","$58,335.13","$27,019.51"
"2037","May","$536.83","$232.74","$304.09","$72,747.75","$58,639.21","$27,252.25"
"2037","June","$536.83","$233.71","$303.12","$72,514.05","$58,942.33","$27,485.95"
"2037","July","$536.82","$234.68","$302.14","$72,279.37","$59,244.47","$27,720.63"
"2037","August","$536.82","$235.66","$301.16","$72,043.71","$59,545.64","$27,956.29"
"2037","September","$536.82","$236.64","$300.18","$71,807.07","$59,845.82","$28,192.93"
"2037","October","$536.83","$237.63","$299.20","$71,569.45","$60,145.01","$28,430.55"
"2037","November","$536.83","$238.62","$298.21","$71,330.83","$60,443.22","$28,669.17"
"2037","December","$536.82","$239.61","$297.21","$71,091.22","$60,740.43","$28,908.78"
"2038","January","$536.82","$240.61","$296.21","$70,850.61","$61,036.64","$29,149.39"
"2038","February","$536.82","$241.61","$295.21","$70,609.00","$61,331.86","$29,391.00"
"2038","March","$536.82","$242.62","$294.20","$70,366.38","$61,626.06","$29,633.62"
"2038","April","$536.82","$243.63","$293.19","$70,122.76","$61,919.25","$29,877.24"
"2038","May","$536.82","$244.64","$292.18","$69,878.11","$62,211.43","$30,121.89"
"2038","June","$536.82","$245.66","$291.16","$69,632.45","$62,502.59","$30,367.55"
"2038","July","$536.83","$246.69","$290.14","$69,385.76","$62,792.73","$30,614.24"
"2038","August","$536.82","$247.71","$289.11","$69,138.05","$63,081.83","$30,861.95"
"2038","September","$536.83","$248.75","$288.08","$68,889.30","$63,369.91","$31,110.70"
"2038","October","$536.82","$249.78","$287.04","$68,639.52","$63,656.95","$31,360.48"
"2038","November","$536.82","$250.82","$286.00","$68,388.70","$63,942.94","$31,611.30"
"2038","December","$536.82","$251.87","$284.95","$68,136.83","$64,227.90","$31,863.17"
"2039","January","$536.82","$252.92","$283.90","$67,883.91","$64,511.80","$32,116.09"
"2039","February","$536.82","$253.97","$282.85","$67,629.94","$64,794.65","$32,370.06"
"2039","March","$536.82","$255.03","$281.79","$67,374.91","$65,076.44","$32,625.09"
"2039","April","$536.82","$256.09","$280.73","$67,118.81","$65,357.17","$32,881.19"
"2039","May","$536.82","$257.16","$279.66","$66,861.65","$65,636.83","$33,138.35"
"2039","June","$536.82","$258.23","$278.59","$66,603.42","$65,915.42","$33,396.58"
"2039","July","$536.82","$259.31","$277.51","$66,344.11","$66,192.94","$33,655.89"
"2039","August","$536.82","$260.39","$276.43","$66,083.73","$66,469.37","$33,916.27"
"2039","September","$536.82","$261.47","$275.35","$65,822.25","$66,744.72","$34,177.75"
"2039","October","$536.82","$262.56","$274.26","$65,559.69","$67,018.98","$34,440.31"
"2039","November","$536.83","$263.66","$273.17","$65,296.04","$67,292.14","$34,703.96"
"2039","December","$536.82","$264.75","$272.07","$65,031.28","$67,564.21","$34,968.72"
"2040","January","$536.82","$265.86","$270.96","$64,765.42","$67,835.17","$35,234.58"
"2040","February","$536.83","$266.97","$269.86","$64,498.46","$68,105.03","$35,501.54"
"2040","March","$536.82","$268.08","$268.74","$64,230.38","$68,373.77","$35,769.62"
"2040","April","$536.83","$269.20","$267.63","$63,961.18","$68,641.40","$36,038.82"
"2040","May","$536.82","$270.32","$266.50","$63,690.87","$68,907.91","$36,309.13"
"2040","June","$536.82","$271.44","$265.38","$63,419.42","$69,173.28","$36,580.58"
"2040","July","$536.82","$272.57","$264.25","$63,146.85","$69,437.53","$36,853.15"
"2040","August","$536.82","$273.71","$263.11","$62,873.14","$69,700.64","$37,126.86"
"2040","September","$536.82","$274.85","$261.97","$62,598.29","$69,962.62","$37,401.71"
"2040","October","$536.83","$276.00","$260.83","$62,322.30","$70,223.44","$37,677.70"
"2040","November","$536.83","$277.15","$259.68","$62,045.15","$70,483.12","$37,954.85"
"2040","December","$536.82","$278.30","$258.52","$61,766.85","$70,741.64","$38,233.15"
"2041","January","$536.82","$279.46","$257.36","$61,487.39","$70,999.00","$38,512.61"
"2041","February","$536.82","$280.62","$256.20","$61,206.77","$71,255.20","$38,793.23"
"2041","March","$536.82","$281.79","$255.03","$60,924.97","$71,510.23","$39,075.03"
"2041","April","$536.82","$282.97","$253.85","$60,642.00","$71,764.08","$39,358.00"
"2041","May","$536.83","$284.15","$252.68","$60,357.86","$72,016.76","$39,642.14"
"2041","June","$536.82","$285.33","$251.49","$60,072.53","$72,268.25","$39,927.47"
"2041","July","$536.82","$286.52","$250.30","$59,786.01","$72,518.55","$40,213.99"
"2041","August","$536.82","$287.71","$249.11","$59,498.29","$72,767.66","$40,501.71"
"2041","September","$536.82","$288.91","$247.91","$59,209.38","$73,015.57","$40,790.62"
"2041","October","$536.83","$290.12","$246.71","$58,919.27","$73,262.27","$41,080.73"
"2041","November","$536.82","$291.32","$245.50","$58,627.94","$73,507.77","$41,372.06"
"2041","December","$536.82","$292.54","$244.28","$58,335.40","$73,752.05","$41,664.60"
"2042","January","$536.82","$293.76","$243.06","$58,041.65","$73,995.12","$41,958.35"
"2042","February","$536.82","$294.98","$241.84","$57,746.66","$74,236.96","$42,253.34"
"2042","March","$536.82","$296.21","$240.61","$57,450.45","$74,477.57","$42,549.55"
"2042","April","$536.82","$297.44","$239.38","$57,153.01","$74,716.95","$42,846.99"
"2042","May","$536.82","$298.68","$238.14","$56,854.33","$74,955.08","$43,145.67"
"2042","June","$536.82","$299.93","$236.89","$56,554.40","$75,191.98","$43,445.60"
"2042","July","$536.82","$301.18","$235.64","$56,253.22","$75,427.62","$43,746.78"
"2042","August","$536.82","$302.43","$234.39","$55,950.79","$75,662.01","$44,049.21"
"2042","September","$536.82","$303.69","$233.13","$55,647.09","$75,895.14","$44,352.91"
"2042","October","$536.82","$304.96","$231.86","$55,342.13","$76,127.00","$44,657.87"
"2042","November","$536.82","$306.23","$230.59","$55,035.90","$76,357.59","$44,964.10"
"2042","December","$536.83","$307.51","$229.32","$54,728.40","$76,586.91","$45,271.60"
"2043","January","$536.82","$308.79","$228.03","$54,419.61","$76,814.94","$45,580.39"
"2043","February","$536.82","$310.07","$226.75","$54,109.54","$77,041.69","$45,890.46"
"2043","March","$536.83","$311.37","$225.46","$53,798.17","$77,267.15","$46,201.83"
"2043","April","$536.82","$312.66","$224.16","$53,485.51","$77,491.31","$46,514.49"
"2043","May","$536.83","$313.97","$222.86","$53,171.55","$77,714.16","$46,828.45"
"2043","June","$536.82","$315.27","$221.55","$52,856.27","$77,935.71","$47,143.73"
"2043","July","$536.82","$316.59","$220.23","$52,539.68","$78,155.94","$47,460.32"
"2043","August","$536.83","$317.91","$218.92","$52,221.78","$78,374.86","$47,778.22"
"2043","September","$536.82","$319.23","$217.59","$51,902.55","$78,592.45","$48,097.45"
"2043","October","$536.82","$320.56","$216.26","$51,581.99","$78,808.71","$48,418.01"
"2043","November","$536.82","$321.90","$214.92","$51,260.09","$79,023.64","$48,739.91"
"2043","December","$536.82","$323.24","$213.58","$50,936.85","$79,237.22","$49,063.15"
"2044","January","$536.82","$324.58","$212.24","$50,612.27","$79,449.46","$49,387.73"
"2044","February","$536.82","$325.94","$210.88","$50,286.33","$79,660.34","$49,713.67"
"2044","March","$536.83","$327.30","$209.53","$49,959.04","$79,869.87","$50,040.96"
"2044","April","$536.82","$328.66","$208.16","$49,630.38","$80,078.03","$50,369.62"
"2044","May","$536.82","$330.03","$206.79","$49,300.35","$80,284.82","$50,699.65"
"2044","June","$536.82","$331.40","$205.42","$48,968.94","$80,490.24","$51,031.06"
"2044","July","$536.82","$332.78","$204.04","$48,636.16","$80,694.28","$51,363.84"
"2044","August","$536.82","$334.17","$202.65","$48,301.99","$80,896.93","$51,698.01"
"2044","September","$536.82","$335.56","$201.26","$47,966.43","$81,098.19","$52,033.57"
"2044","October","$536.82","$336.96","$199.86","$47,629.46","$81,298.05","$52,370.54"
"2044","November","$536.83","$338.37","$198.46","$47,291.10","$81,496.50","$52,708.90"
"2044","December","$536.83","$339.78","$197.05","$46,951.32","$81,693.55","$53,048.68"
"2045","January","$536.82","$341.19","$195.63","$46,610.13","$81,889.18","$53,389.87"
"2045","February","$536.82","$342.61","$194.21","$46,267.52","$82,083.39","$53,732.48"
"2045","March","$536.82","$344.04","$192.78","$45,923.48","$82,276.17","$54,076.52"
"2045","April","$536.82","$345.47","$191.35","$45,578.01","$82,467.52","$54,421.99"
"2045","May","$536.82","$346.91","$189.91","$45,231.09","$82,657.43","$54,768.91"
"2045","June","$536.82","$348.36","$188.46","$44,882.73","$82,845.89","$55,117.27"
"2045","July","$536.82","$349.81","$187.01","$44,532.92","$83,032.90","$55,467.08"
"2045","August","$536.82","$351.27","$185.55","$44,181.66","$83,218.46","$55,818.34"
"2045","September","$536.82","$352.73","$184.09","$43,828.92","$83,402.55","$56,171.08"
"2045","October","$536.82","$354.20","$182.62","$43,474.72","$83,585.17","$56,525.28"
"2045","November","$536.82","$355.68","$181.14","$43,119.05","$83,766.31","$56,880.95"
"2045","December","$536.82","$357.16","$179.66","$42,761.89","$83,945.97","$57,238.11"
"2046","January","$536.82","$358.65","$178.17","$42,403.24","$84,124.15","$57,596.76"
"2046","February","$536.82","$360.14","$176.68","$42,043.10","$84,300.83","$57,956.90"
"2046","March","$536.82","$361.64","$175.18","$41,681.46","$84,476.01","$58,318.54"
"2046","April","$536.82","$363.15","$173.67","$41,318.31","$84,649.68","$58,681.69"
"2046","May","$536.82","$364.66","$172.16","$40,953.65","$84,821.84","$59,046.35"
"2046","June","$536.82","$366.18","$170.64","$40,587.46","$84,992.48","$59,412.54"
"2046","July","$536.82","$367.71","$169.11","$40,219.76","$85,161.59","$59,780.24"
"2046","August","$536.82","$369.24","$167.58","$39,850.52","$85,329.18","$60,149.48"
"2046","September","$536.82","$370.78","$166.04","$39,479.74","$85,495.22","$60,520.26"
"2046","October","$536.82","$372.32","$164.50","$39,107.42","$85,659.72","$60,892.58"
"2046","November","$536.82","$373.87","$162.95","$38,733.54","$85,822.67","$61,266.46"
"2046","December","$536.82","$375.43","$161.39","$38,358.11","$85,984.06","$61,641.89"
"2047","January","$536.83","$377.00","$159.83","$37,981.11","$86,143.88","$62,018.89"
"2047","February","$536.82","$378.57","$158.25","$37,602.55","$86,302.14","$62,397.45"
"2047","March","$536.82","$380.14","$156.68","$37,222.40","$86,458.81","$62,777.60"
"2047","April","$536.82","$381.73","$155.09","$36,840.68","$86,613.91","$63,159.32"
"2047","May","$536.82","$383.32","$153.50","$36,457.36","$86,767.41","$63,542.64"
"2047","June","$536.83","$384.92","$151.91","$36,072.44","$86,919.32","$63,927.56"
"2047","July","$536.82","$386.52","$150.30","$35,685.92","$87,069.62","$64,314.08"
"2047","August","$536.82","$388.13","$148.69","$35,297.79","$87,218.31","$64,702.21"
"2047","September","$536.82","$389.75","$147.07","$34,908.04","$87,365.38","$65,091.96"
"2047","October","$536.82","$391.37","$145.45","$34,516.67","$87,510.83","$65,483.33"
"2047","November","$536.82","$393.00","$143.82","$34,123.67","$87,654.65","$65,876.33"
"2047","December","$536.82","$394.64","$142.18","$33,729.03","$87,796.84","$66,270.97"
"2048","January","$536.82","$396.28","$140.54","$33,332.75","$87,937.37","$66,667.25"
"2048","February","$536.83","$397.94","$138.89","$32,934.81","$88,076.26","$67,065.19"
"2048","March","$536.82","$399.59","$137.23","$32,535.22","$88,213.49","$67,464.78"
"2048","April","$536.82","$401.26","$135.56","$32,133.96","$88,349.05","$67,866.04"
"2048","May","$536.82","$402.93","$133.89","$31,731.03","$88,482.94","$68,268.97"
"2048","June","$536.82","$404.61","$132.21","$31,326.42","$88,615.16","$68,673.58"
"2048","July","$536.82","$406.29","$130.53","$30,920.12","$88,745.68","$69,079.88"
"2048","August","$536.82","$407.99","$128.83","$30,512.14","$88,874.52","$69,487.86"
"2048","September","$536.82","$409.69","$127.13","$30,102.45","$89,001.65","$69,897.55"
"2048","October","$536.82","$411.39","$125.43","$29,691.05","$89,127.08","$70,308.95"
"2048","November","$536.82","$413.11","$123.71","$29,277.95","$89,250.79","$70,722.05"
"2048","December","$536.82","$414.83","$121.99","$28,863.12","$89,372.78","$71,136.88"
"2049","January","$536.82","$416.56","$120.26","$28,446.56","$89,493.04","$71,553.44"
"2049","February","$536.82","$418.29","$118.53","$28,028.26","$89,611.57","$71,971.74"
"2049","March","$536.82","$420.04","$116.78","$27,608.23","$89,728.36","$72,391.77"
"2049","April","$536.82","$421.79","$115.03","$27,186.44","$89,843.39","$72,813.56"
"2049","May","$536.82","$423.54","$113.28","$26,762.89","$89,956.67","$73,237.11"
"2049","June","$536.82","$425.31","$111.51","$26,337.58","$90,068.18","$73,662.42"
"2049","July","$536.82","$427.08","$109.74","$25,910.50","$90,177.92","$74,089.50"
"2049","August","$536.82","$428.86","$107.96","$25,481.64","$90,285.88","$74,518.36"
"2049","September","$536.82","$430.65","$106.17","$25,050.99","$90,392.05","$74,949.01"
"2049","October","$536.82","$432.44","$104.38","$24,618.55","$90,496.43","$75,381.45"
"2049","November","$536.82","$434.24","$102.58","$24,184.31","$90,599.01","$75,815.69"
"2049","December","$536.82","$436.05","$100.77","$23,748.25","$90,699.78","$76,251.75"
"2050","January","$536.82","$437.87","$98.95","$23,310.38","$90,798.73","$76,689.62"
"2050","February","$536.83","$439.70","$97.13","$22,870.69","$90,895.85","$77,129.31"
"2050","March","$536.82","$441.53","$95.29","$22,429.16","$90,991.15","$77,570.84"
"2050","April","$536.82","$443.37","$93.45","$21,985.79","$91,084.60","$78,014.21"
"2050","May","$536.82","$445.21","$91.61","$21,540.58","$91,176.21","$78,459.42"
"2050","June","$536.82","$447.07","$89.75","$21,093.51","$91,265.96","$78,906.49"
"2050","July","$536.82","$448.93","$87.89","$20,644.58","$91,353.85","$79,355.42"
"2050","August","$536.82","$450.80","$86.02","$20,193.77","$91,439.87","$79,806.23"
"2050","September","$536.82","$452.68","$84.14","$19,741.09","$91,524.01","$80,258.91"
"2050","October","$536.82","$454.57","$82.25","$19,286.53","$91,606.27","$80,713.47"
"2050","November","$536.82","$456.46","$80.36","$18,830.07","$91,686.63","$81,169.93"
"2050","December","$536.82","$458.36","$78.46","$18,371.70","$91,765.09","$81,628.30"
"2051","January","$536.82","$460.27","$76.55","$17,911.43","$91,841.64","$82,088.57"
"2051","February","$536.82","$462.19","$74.63","$17,449.24","$91,916.27","$82,550.76"
"2051","March","$536.83","$464.12","$72.71","$16,985.12","$91,988.97","$83,014.88"
"2051","April","$536.82","$466.05","$70.77","$16,519.07","$92,059.74","$83,480.93"
"2051","May","$536.82","$467.99","$68.83","$16,051.08","$92,128.57","$83,948.92"
"2051","June","$536.82","$469.94","$66.88","$15,581.14","$92,195.45","$84,418.86"
"2051","July","$536.82","$471.90","$64.92","$15,109.24","$92,260.37","$84,890.76"
"2051","August","$536.83","$473.87","$62.96","$14,635.37","$92,323.33","$85,364.63"
"2051","September","$536.82","$475.84","$60.98","$14,159.53","$92,384.31","$85,840.47"
"2051","October","$536.82","$477.82","$59.00","$13,681.71","$92,443.31","$86,318.29"
"2051","November","$536.82","$479.81","$57.01","$13,201.89","$92,500.31","$86,798.11"
"2051","December","$536.82","$481.81","$55.01","$12,720.08","$92,555.32","$87,279.92"
"2052","January","$536.82","$483.82","$53.00","$12,236.26","$92,608.32","$87,763.74"
"2052","February","$536.82","$485.84","$50.98","$11,750.42","$92,659.31","$88,249.58"
"2052","March","$536.82","$487.86","$48.96","$11,262.56","$92,708.27","$88,737.44"
"2052","April","$536.82","$489.89","$46.93","$10,772.66","$92,755.19","$89,227.34"
"2052","May","$536.83","$491.94","$44.89","$10,280.73","$92,800.08","$89,719.27"
"2052","June","$536.83","$493.99","$42.84","$9,786.74","$92,842.92","$90,213.26"
"2052","July","$536.82","$496.04","$40.78","$9,290.70","$92,883.70","$90,709.30"
"2052","August","$536.82","$498.11","$38.71","$8,792.59","$92,922.41","$91,207.41"
"2052","September","$536.83","$500.19","$36.64","$8,292.40","$92,959.04","$91,707.60"
"2052","October","$536.82","$502.27","$34.55","$7,790.13","$92,993.59","$92,209.87"
"2052","November","$536.82","$504.36","$32.46","$7,285.77","$93,026.05","$92,714.23"
"2052","December","$536.82","$506.46","$30.36","$6,779.31","$93,056.41","$93,220.69"
"2053","January","$536.82","$508.57","$28.25","$6,270.73","$93,084.66","$93,729.27"
"2053","February","$536.82","$510.69","$26.13","$5,760.04","$93,110.79","$94,239.96"
"2053","March","$536.82","$512.82","$24.00","$5,247.22","$93,134.79","$94,752.78"
"2053","April","$536.82","$514.96","$21.86","$4,732.26","$93,156.65","$95,267.74"
"2053","May","$536.82","$517.10","$19.72","$4,215.16","$93,176.37","$95,784.84"
"2053","June","$536.82","$519.26","$17.56","$3,695.90","$93,193.93","$96,304.10"
"2053","July","$536.82","$521.42","$15.40","$3,174.47","$93,209.33","$96,825.53"
"2053","August","$536.82","$523.59","$13.23","$2,650.88","$93,222.56","$97,349.12"
"2053","September","$536.83","$525.78","$11.05","$2,125.10","$93,233.60","$97,874.90"
"2053","October","$536.82","$527.97","$8.85","$1,597.14","$93,242.46","$98,402.86"
"2053","November","$536.82","$530.17","$6.65","$1,066.97","$93,249.11","$98,933.03"
"2053","December","$536.83","$532.38","$4.45","$534.59","$93,253.56","$99,465.41"
"2054","January","$536.82","$534.59","$2.23","$0.00","$93,255.78","$100,000.00"